version,name,prov,country,climate_ID,lat,lon,UTC_offset,elev(m),first_yr,last_yr
CWEEDS2011,ABEE AGDM,AB,CAN,3010010,54.28,-112.97,-7,664,2003,2017
CWEEDS2011,ANDREW AGDM,AB,CAN,3010237,53.92,-112.28,-7,625,2003,2017
CWEEDS2011,ATMORE AGDM,AB,CAN,3060406,54.78,-112.82,-7,574,2003,2017
CWEEDS2011,BANFF CS,AB,CAN,3050519,51.19,-115.55,-7,1396.9,1998,2017
CWEEDS2011,BARNWELL AGDM,AB,CAN,3030525,49.8,-112.3,-7,824.2,2003,2017
CWEEDS2011,BARRHEAD CS,AB,CAN,3060535,54.09,-114.45,-7,648,2001,2017
CWEEDS2011,BEAVERLODGE RCS,AB,CAN,3070600,55.2,-119.4,-7,745,2003,2017
CWEEDS2011,BLOOD TRIBE AGDM,AB,CAN,3030720,49.57,-113.05,-7,980,2005,2017
CWEEDS2011,BODO AGDM,AB,CAN,3010730,52.12,-110.1,-7,687,2003,2017
CWEEDS2011,BOW ISLAND IRRIGATION AGDM,AB,CAN,3030772,49.87,-111.38,-7,799,2005,2017
CWEEDS2011,BOW ISLAND,AB,CAN,3030768,49.73,-111.45,-7,816.6,1998,2017
CWEEDS2011,BOW VALLEY,AB,CAN,3050778,51.08,-115.07,-7,1297.5,1998,2017
CWEEDS2011,BRETON PLOTS,AB,CAN,3010816,53.09,-114.44,-7,851.5,1999,2017
CWEEDS2011,BROCKET AGDM,AB,CAN,3030830,49.62,-113.82,-7,1072.7,2003,2017
CWEEDS2011,BROOKS,AB,CAN,3030QLP,50.56,-111.85,-7,747,1998,2017
CWEEDS2011,CALGARY INTL A,AB,CAN,3031092,51.11,-114.02,-7,1084.1,1998,2017
CWEEDS2011,CAMROSE,AB,CAN,3011240,53.03,-112.81,-7,739,1998,2017
CWEEDS2011,CARDSTON,AB,CAN,3031322,49.2,-113.29,-7,1136,1998,2017
CWEEDS2011,CHAMPION AGDM,AB,CAN,3031480,50.28,-113.35,-7,1006,2003,2017
CWEEDS2011,CLARESHOLM,AB,CAN,3031640,50,-113.64,-7,1009,1998,2017
CWEEDS2011,CLEARDALE AGDM,AB,CAN,3074935,56.31,-119.74,-7,630,2004,2017
CWEEDS2011,COLD LAKE A,AB,CAN,3081680,54.42,-110.23,-7,541,1998,2017
CWEEDS2011,CONSORT AGDM,AB,CAN,3011815,51.94,-110.71,-7,772,2003,2017
CWEEDS2011,COP UPPER,AB,CAN,3031875,51.08,-114.22,-7,1235,1998,2017
CWEEDS2011,CORONATION CLIMATE,AB,CAN,3011887,52.07,-111.45,-7,791.1,1998,2017
CWEEDS2011,CROWSNEST,AB,CAN,3051R4R,49.63,-114.48,-7,1303,1998,2017
CWEEDS2011,DAPP AGDM,AB,CAN,3061975,54.32,-113.95,-7,614.2,2003,2017
CWEEDS2011,DEL BONITA AGDM,AB,CAN,3042045,49.05,-112.82,-7,1310,2003,2017
CWEEDS2011,DRUMHELLER EAST,AB,CAN,30221LG,51.45,-112.68,-7,678.2,1998,2017
CWEEDS2011,EDMONTON CITY CENTRE AWOS,AB,CAN,3012202,53.57,-113.52,-7,671.4,1998,2013
CWEEDS2011,EDMONTON INTL A,AB,CAN,3012216,53.31,-113.58,-7,723.3,1998,2017
CWEEDS2011,EDMONTON STONY PLAIN CS,AB,CAN,301A001,53.55,-114.11,-7,766.3,2001,2017
CWEEDS2011,EDSON CLIMATE,AB,CAN,3062246,53.58,-116.45,-7,927,1998,2017
CWEEDS2011,ELK ISLAND NAT PARK,AB,CAN,3012275,53.68,-112.87,-7,716.2,1998,2017
CWEEDS2011,ENCHANT AGDM,AB,CAN,3032422,50.18,-112.43,-7,801,2005,2017
CWEEDS2011,ESTHER 1,AB,CAN,301B460,51.67,-110.21,-7,707,1998,2017
CWEEDS2011,FAIRVIEW AGDM,AB,CAN,3072525,56.08,-118.44,-7,654.6,2003,2017
CWEEDS2011,FINCASTLE AGDM,AB,CAN,3032550,49.8,-112.03,-7,833,2005,2017
CWEEDS2011,FOREMOST AGDM,AB,CAN,3032642,49.48,-111.49,-7,881,2003,2017
CWEEDS2011,FORT CHIPEWYAN,AB,CAN,3072655,58.77,-111.12,-7,238,2006,2017
CWEEDS2011,FORT MCMURRAY A,AB,CAN,3062697,56.65,-111.22,-7,369.1,1998,2017
CWEEDS2011,FORT VERMILION,AB,CAN,3072723,58.38,-116.04,-7,289,2005,2017
CWEEDS2011,GARDEN RIVER,AB,CAN,307KPFP,58.71,-113.87,-7,240.8,2005,2017
CWEEDS2011,GRANDE PRAIRIE A,AB,CAN,3072921,55.18,-118.88,-7,669,1998,2017
CWEEDS2011,HENDRICKSON CREEK,AB,CAN,3063135,53.8,-118.45,-7,1448,2003,2017
CWEEDS2011,HIGH LEVEL,AB,CAN,3073140,58.62,-117.17,-7,338,2005,2017
CWEEDS2011,HIGH PRAIRIE AGDM,AB,CAN,3063165,55.4,-116.48,-7,601.7,2003,2016
CWEEDS2011,HOLDEN AGDM,AB,CAN,3013340,53.19,-112.25,-7,688,2004,2017
CWEEDS2011,HUSSAR AGDM,AB,CAN,3023402,51.18,-112.5,-7,971.2,2003,2017
CWEEDS2011,IRON SPRINGS AGDM,AB,CAN,3033498,49.9,-112.73,-7,858,2005,2017
CWEEDS2011,JASPER WARDEN,AB,CAN,3053536,52.93,-118.03,-7,1020,1998,2017
CWEEDS2011,KILLAM AGDM,AB,CAN,3013640,52.85,-111.87,-7,674.5,2003,2017
CWEEDS2011,LAC LA BICHE CLIMATE,AB,CAN,3063686,54.77,-112.02,-7,567,1998,2017
CWEEDS2011,LACOMBE CDA 2,AB,CAN,3023722,52.45,-113.76,-7,860,1998,2017
CWEEDS2011,LETHBRIDGE CDA,AB,CAN,3033890,49.7,-112.77,-7,910,1998,2017
CWEEDS2011,LETHBRIDGE DEMO FARM AGDM,AB,CAN,3033897,49.68,-112.75,-7,903,2005,2017
CWEEDS2011,LLOYDMINSTER A,AB,CAN,3013959,53.31,-110.07,-7,668.7,1998,2017
CWEEDS2011,MANNING AGDM,AB,CAN,3074190,56.97,-117.45,-7,457,2003,2017
CWEEDS2011,MASINASIN AGDM,AB,CAN,3044232,49.14,-111.65,-7,947.9,2005,2017
CWEEDS2011,MEDICINE HAT RCS,AB,CAN,3034485,50.03,-110.72,-7,715,1998,2017
CWEEDS2011,MILDRED LAKE,AB,CAN,3064528,57.04,-111.56,-7,310,1998,2017
CWEEDS2011,MILK RIVER,AB,CAN,3044533,49.13,-112.05,-7,1050,1998,2017
CWEEDS2011,MORRIN AGDM,AB,CAN,3024668,51.66,-112.67,-7,836,2003,2017
CWEEDS2011,MUNDARE AGDM,AB,CAN,3014665,53.57,-112.3,-7,683,2004,2017
CWEEDS2011,NAKISKA RIDGETOP,AB,CAN,305MGFF,50.94,-115.19,-7,2543,1998,2017
CWEEDS2011,NORDEGG CS,AB,CAN,3054843,52.49,-116.04,-7,1332,2002,2017
CWEEDS2011,OLDS AGDM,AB,CAN,3024925,51.76,-114.08,-7,1046,2003,2017
CWEEDS2011,OLIVER AGDM,AB,CAN,3014921,53.65,-113.35,-7,665,2004,2017
CWEEDS2011,ONEFOUR CDA,AB,CAN,3044923,49.12,-110.47,-7,935,1998,2017
CWEEDS2011,OYEN AGDM,AB,CAN,3024965,51.38,-110.35,-7,766.7,2003,2017
CWEEDS2011,PEACE RIVER A,AB,CAN,3075041,56.23,-117.45,-7,570.9,1998,2017
CWEEDS2011,PEORIA AGDM,AB,CAN,3075160,55.62,-118.29,-7,621.2,2003,2017
CWEEDS2011,PINCHER CREEK,AB,CAN,3035198,49.52,-114,-7,1189.6,1998,2017
CWEEDS2011,POLLOCKVILLE AGDM,AB,CAN,3025243,51.13,-111.71,-7,750,2003,2017
CWEEDS2011,PRENTISS,AB,CAN,3025297,52.43,-113.6,-7,965,2004,2017
CWEEDS2011,RAYMOND AGDM,AB,CAN,3035422,49.48,-112.68,-7,937,2005,2017
CWEEDS2011,RED DEER REGIONAL A,AB,CAN,3025481,52.18,-113.89,-7,904.6,1998,2017
CWEEDS2011,RED EARTH,AB,CAN,3075488,56.55,-115.28,-7,546,2000,2017
CWEEDS2011,RICH LAKE AGDM,AB,CAN,3065475,54.5,-111.7,-7,585,2003,2017
CWEEDS2011,ROCKY MTN HOUSE (AUT),AB,CAN,3015523,52.42,-114.91,-7,988.2,1998,2017
CWEEDS2011,SCHULER AGDM,AB,CAN,3025768,50.31,-110.09,-7,800,2003,2017
CWEEDS2011,SEVEN PERSONS AGDM,AB,CAN,3035845,49.92,-110.92,-7,766,2005,2017
CWEEDS2011,SLAVE LAKE,AB,CAN,3065995,55.29,-114.78,-7,582.8,1998,2017
CWEEDS2011,SMOKY LAKE AGDM,AB,CAN,3016022,54.28,-112.5,-7,680,2004,2017
CWEEDS2011,SPIRIT RIVER AUTO STATION,AB,CAN,3076069,55.69,-119.23,-7,1015.3,2000,2017
CWEEDS2011,ST PAUL AGCM,AB,CAN,3015676,54.01,-111.27,-7,649,2004,2017
CWEEDS2011,STAVELY AAFC,AB,CAN,3036099,50.18,-113.88,-7,1363.6,1998,2017
CWEEDS2011,STETTLER AGDM,AB,CAN,3016124,52.35,-112.6,-7,795,2004,2017
CWEEDS2011,STRATHMORE AGDM,AB,CAN,3036205,51.03,-113.28,-7,967,2005,2017
CWEEDS2011,SUNDRE A,AB,CAN,3026KNQ,51.78,-114.68,-7,1114.4,1998,2017
CWEEDS2011,THREE HILLS,AB,CAN,3026479,51.77,-113.21,-7,857,1998,2017
CWEEDS2011,TWO HILLS AGDM,AB,CAN,3016655,53.63,-111.68,-7,678,2004,2017
CWEEDS2011,VALLEYVIEW AGDM,AB,CAN,3076680,55.1,-117.2,-7,698,2003,2017
CWEEDS2011,VAUXHALL CDA CS,AB,CAN,3036682,50.05,-112.13,-7,779,1998,2017
CWEEDS2011,VEGREVILLE,AB,CAN,3016GF0,53.51,-112.1,-7,639.4,1998,2017
CWEEDS2011,VERMILION AGDM,AB,CAN,3016802,53.34,-110.88,-7,623,2003,2017
CWEEDS2011,VIOLET GROVE CS,AB,CAN,3016860,53.14,-115.13,-7,914,2002,2017
CWEEDS2011,WAINWRIGHT CFB AIRFIELD 21,AB,CAN,301S001,52.83,-111.1,-7,686.3,1998,2017
CWEEDS2011,WATERTON PARK GATE,AB,CAN,3056214,49.13,-113.81,-7,1289,1998,2017
CWEEDS2011,WHITECOURT A,AB,CAN,3057376,54.14,-115.79,-7,782.4,2000,2017
CWEEDS2011,WILLOW CREEK 1,AB,CAN,306GE70,53.39,-118.35,-7,1370,2000,2013
CWEEDS2011,WRENTHAM AGDM,AB,CAN,3037675,49.5,-112.12,-7,943.9,2003,2017
CWEEDS2011,ABBOTSFORD A,BC,CAN,1100031,49.03,-122.36,-8,59.1,1998,2017
CWEEDS2011,AGASSIZ RCS,BC,CAN,1100119,49.24,-121.76,-8,19.3,1998,2017
CWEEDS2011,BALLENAS ISLAND,BC,CAN,1020590,49.35,-124.16,-8,12.9,2000,2017
CWEEDS2011,BLUE RIVER CS,BC,CAN,1160H99,52.13,-119.29,-8,682.8,1998,2017
CWEEDS2011,BONILLA ISLAND (AUT),BC,CAN,1060R0K,53.49,-130.64,-8,12.5,1998,2017
CWEEDS2011,BURNS LAKE DECKER LAKE,BC,CAN,1091174,54.38,-125.96,-8,713.2,1998,2017
CWEEDS2011,CALLAGHAN VALLEY,BC,CAN,1101300,50.14,-123.11,-8,884,2005,2017
CWEEDS2011,CAPE ST JAMES,BC,CAN,1051351,51.94,-131.02,-8,87.8,1998,2017
CWEEDS2011,CATHEDRAL POINT (AUT),BC,CAN,1061458,52.19,-127.47,-8,26.4,1998,2017
CWEEDS2011,CLINTON (AUT),BC,CAN,1161661,51.12,-121.5,-8,1056.7,1998,2013
CWEEDS2011,COMOX A,BC,CAN,1021830,49.72,-124.9,-8,25.6,1998,2017
CWEEDS2011,CRANBROOK A,BC,CAN,1152105,49.61,-115.78,-8,940,1998,2017
CWEEDS2011,CRESTON CAMPBELL SCIENTIFIC,BC,CAN,114B1F0,49.08,-116.5,-8,640.7,1998,2017
CWEEDS2011,CUMSHEWA ISLAND,BC,CAN,1062251,53.03,-131.6,-8,12.6,1998,2017
CWEEDS2011,DAWSON CREEK A,BC,CAN,1182289,55.74,-120.18,-7,654.7,1998,2017
CWEEDS2011,DEASE LAKE (AUT),BC,CAN,119BLM0,58.43,-130.03,-8,800.7,2005,2017
CWEEDS2011,DISCOVERY ISLAND,BC,CAN,1012475,48.42,-123.23,-8,18.9,1998,2017
CWEEDS2011,ENTRANCE ISLAND,BC,CAN,1022689,49.21,-123.81,-8,7.6,1998,2017
CWEEDS2011,ESQUIMALT HARBOUR,BC,CAN,1012710,48.43,-123.44,-8,3,1998,2017
CWEEDS2011,ESTEVAN POINT CS,BC,CAN,1032731,49.38,-126.54,-8,5.8,1998,2017
CWEEDS2011,FANNY ISLAND,BC,CAN,1022795,50.45,-125.99,-8,3.2,2001,2017
CWEEDS2011,FORT NELSON A,BC,CAN,1192946,58.84,-122.6,-8,381.9,2005,2017
CWEEDS2011,FORT ST JOHN A,BC,CAN,1183001,56.24,-120.74,-8,694.9,1998,2017
CWEEDS2011,GREY ISLET (AUT),BC,CAN,1063303,54.58,-130.7,-8,9.5,1998,2017
CWEEDS2011,HERBERT ISLAND (AUT),BC,CAN,1063461,50.94,-127.63,-8,13.5,1998,2017
CWEEDS2011,HOLLAND ROCK,BC,CAN,1063496,54.17,-130.36,-8,5.5,1999,2017
CWEEDS2011,HOPE A,BC,CAN,1113542,49.37,-121.5,-8,39,2005,2017
CWEEDS2011,HOWE SOUND - PAM ROCKS,BC,CAN,10459NN,49.49,-123.3,-8,7.1,1998,2017
CWEEDS2011,KAMLOOPS A,BC,CAN,1163781,50.7,-120.45,-8,345.3,1998,2017
CWEEDS2011,KELOWNA,BC,CAN,1123939,49.96,-119.38,-8,429.5,1998,2017
CWEEDS2011,KINDAKUN ROCKS (AUT),BC,CAN,1054222,53.32,-132.77,-8,14.7,1998,2017
CWEEDS2011,LANGARA ISLAND RCS,BC,CAN,1054503,54.26,-133.06,-8,46.9,1998,2016
CWEEDS2011,LILLOOET,BC,CAN,1114619,50.68,-121.93,-8,239.5,1998,2017
CWEEDS2011,LUCY ISLAND LIGHTSTATION,BC,CAN,1064728,54.3,-130.61,-8,2,1999,2017
CWEEDS2011,LYTTON RCS,BC,CAN,1114746,50.22,-121.58,-8,225,1998,2017
CWEEDS2011,MACKENZIE,BC,CAN,1184791,55.3,-123.13,-8,690.1,1998,2017
CWEEDS2011,MALAHAT,BC,CAN,1014820,48.57,-123.53,-8,356.8,1998,2017
CWEEDS2011,NAKUSP CS,BC,CAN,1145297,50.27,-117.82,-8,512.1,1998,2017
CWEEDS2011,NELSON CS,BC,CAN,1145M29,49.49,-117.31,-8,534.9,1998,2017
CWEEDS2011,OSOYOOS CS,BC,CAN,1125852,49.03,-119.44,-8,282.9,1998,2017
CWEEDS2011,PEMBERTON AIRPORT CS,BC,CAN,1086082,50.31,-122.73,-8,204.3,1998,2017
CWEEDS2011,PENTICTON A,BC,CAN,1126146,49.46,-119.6,-8,344.4,1998,2017
CWEEDS2011,PITT MEADOWS CS,BC,CAN,1106178,49.21,-122.69,-8,5,1998,2017
CWEEDS2011,POINT ATKINSON,BC,CAN,1106200,49.33,-123.26,-8,14,1998,2017
CWEEDS2011,PORT HARDY A,BC,CAN,1026271,50.68,-127.37,-8,21.6,1998,2017
CWEEDS2011,PRINCE GEORGE,BC,CAN,1096439,53.89,-122.67,-8,680,1998,2017
CWEEDS2011,PRINCE RUPERT,BC,CAN,1066482,54.29,-130.44,-8,35.4,1998,2017
CWEEDS2011,PRINCETON CS,BC,CAN,112FN0M,49.47,-120.51,-8,696.5,1998,2017
CWEEDS2011,PUNTZI MOUNTAIN (AUT),BC,CAN,1086558,52.11,-124.14,-8,909.8,1998,2017
CWEEDS2011,QUESNEL,BC,CAN,1096629,53.03,-122.51,-8,545,1998,2017
CWEEDS2011,REVELSTOKE A,BC,CAN,1176745,50.97,-118.18,-8,444.7,1998,2017
CWEEDS2011,ROSE SPIT (AUT),BC,CAN,1056869,54.16,-131.66,-8,6.6,1998,2017
CWEEDS2011,SALMON ARM CS,BC,CAN,116FRMN,50.7,-119.29,-8,350.5,1998,2017
CWEEDS2011,SANDHEADS CS,BC,CAN,1107010,49.11,-123.3,-8,11,2003,2017
CWEEDS2011,SANDSPIT,BC,CAN,1057052,53.25,-131.81,-8,6.4,1998,2017
CWEEDS2011,SARTINE ISLAND (AUT),BC,CAN,1037090,50.82,-128.91,-8,111.5,1998,2017
CWEEDS2011,SATURNA ISLAND CS,BC,CAN,1017101,48.78,-123.04,-8,24.4,2001,2017
CWEEDS2011,SHERINGHAM POINT,BC,CAN,1017254,48.38,-123.92,-8,6.9,1998,2017
CWEEDS2011,SISTERS ISLAND,BC,CAN,1027403,49.49,-124.43,-8,20,1998,2017
CWEEDS2011,SMITHERS,BC,CAN,1077499,54.83,-127.18,-8,521.8,1998,2017
CWEEDS2011,SOLANDER ISLAND (AUT),BC,CAN,1037553,50.11,-127.94,-8,91.8,1999,2017
CWEEDS2011,SPARWOOD CS,BC,CAN,1157631,49.75,-114.88,-8,1136.7,1999,2017
CWEEDS2011,SQUAMISH AIRPORT,BC,CAN,10476F0,49.78,-123.16,-8,53.7,1998,2017
CWEEDS2011,SUMMERLAND CS,BC,CAN,112G8L1,49.56,-119.65,-8,454.2,1998,2017
CWEEDS2011,TATLAYOKO LAKE RCS,BC,CAN,1088015,51.67,-124.4,-8,875,2000,2017
CWEEDS2011,TERRACE A,BC,CAN,1068134,54.47,-128.58,-8,217.3,1998,2017
CWEEDS2011,VANCOUVER INTL A,BC,CAN,1108395,49.19,-123.18,-8,4.3,1998,2017
CWEEDS2011,VERNON AUTO,BC,CAN,1128582,50.22,-119.19,-8,482,1998,2017
CWEEDS2011,VICTORIA GONZALES CS,BC,CAN,1018611,48.41,-123.32,-8,61,1998,2017
CWEEDS2011,VICTORIA HARTLAND CS,BC,CAN,1018FJ5,48.53,-123.46,-8,154.1,1998,2011
CWEEDS2011,VICTORIA INTL A,BC,CAN,1018621,48.65,-123.43,-8,19.5,1998,2017
CWEEDS2011,VICTORIA UNIVERSITY CS,BC,CAN,1018598,48.46,-123.3,-8,60.1,1998,2017
CWEEDS2011,WARFIELD RCS,BC,CAN,1148705,49.11,-117.74,-8,566.9,2002,2017
CWEEDS2011,WEST VANCOUVER AUT,BC,CAN,1108824,49.35,-123.19,-8,170.2,1998,2017
CWEEDS2011,WHISTLER - NESTERS,BC,CAN,1100875,50.13,-122.95,-8,659,2005,2017
CWEEDS2011,WHITE ROCK CS,BC,CAN,1108910,49.02,-122.78,-8,13,1998,2017
CWEEDS2011,WILLIAMS LAKE A,BC,CAN,1098941,52.18,-122.05,-8,939.7,1998,2017
CWEEDS2011,YOHO PARK,BC,CAN,11790J1,51.44,-116.36,-8,1602,1998,2017
CWEEDS2011,BERENS RIVER CS,MB,CAN,5030203,52.36,-97.02,-6,221.9,2001,2017
CWEEDS2011,BRANDON A,MB,CAN,5010481,49.91,-99.95,-6,409.3,1998,2017
CWEEDS2011,CARBERRY CS,MB,CAN,5010547,49.91,-99.36,-6,383.5,1998,2017
CWEEDS2011,CARMAN U OF M CS,MB,CAN,502I001,49.5,-98.03,-6,268.2,1998,2017
CWEEDS2011,CHURCHILL A,MB,CAN,5060605,58.74,-94.07,-6,29.3,2005,2017
CWEEDS2011,DAUPHIN,MB,CAN,5040689,51.1,-100.05,-6,304.5,1998,2017
CWEEDS2011,DEERWOOD RCS,MB,CAN,5020725,49.4,-98.32,-6,341.4,2005,2017
CWEEDS2011,DELTA MARSH CS,MB,CAN,5040764,50.18,-98.38,-6,248.4,1998,2010
CWEEDS2011,EMERSON AUTO,MB,CAN,5020881,49.01,-97.24,-6,242,1998,2017
CWEEDS2011,FISHER BRANCH (AUT),MB,CAN,50309J6,51.08,-97.55,-6,253,1998,2017
CWEEDS2011,FLIN FLON,MB,CAN,5050919,54.68,-101.68,-6,303.9,1998,2017
CWEEDS2011,GEORGE ISLAND (AUT),MB,CAN,5030984,52.82,-97.62,-6,222.5,2005,2017
CWEEDS2011,GILLAM A,MB,CAN,5061022,56.36,-94.71,-6,145.1,1998,2017
CWEEDS2011,GIMLI CLIMATE,MB,CAN,5031042,50.63,-97.05,-6,230.1,1998,2017
CWEEDS2011,GIMLI HARBOUR CS,MB,CAN,5031041,50.63,-96.98,-6,217,2000,2017
CWEEDS2011,GRAND RAPIDS (AUT),MB,CAN,5031A10,53.19,-99.27,-6,222.5,1998,2017
CWEEDS2011,GRETNA (AUT),MB,CAN,5021220,49.03,-97.56,-6,252.6,1998,2017
CWEEDS2011,ISLAND LAKE A,MB,CAN,5061375,53.86,-94.65,-6,235.3,1998,2017
CWEEDS2011,KELSEY DAM CS,MB,CAN,5061422,56.04,-96.51,-6,182.9,2001,2017
CWEEDS2011,LYNN LAKE,MB,CAN,5061645,56.86,-101.08,-6,356.6,1998,2017
CWEEDS2011,MCCREARY,MB,CAN,5043158,50.71,-99.53,-6,351,1998,2017
CWEEDS2011,MELITA,MB,CAN,501A7AR,49.28,-100.99,-6,445.9,1998,2017
CWEEDS2011,MORDEN CDA CS,MB,CAN,5021849,49.19,-98.08,-6,297.5,2001,2017
CWEEDS2011,NORWAY HOUSE,MB,CAN,5062040,53.96,-97.85,-6,223.7,1998,2017
CWEEDS2011,OAKPOINT MARINE,MB,CAN,504K0NM,50.5,-98.04,-6,249.6,1998,2017
CWEEDS2011,PILOT MOUND (AUT),MB,CAN,5022125,49.19,-98.9,-6,470.3,1998,2017
CWEEDS2011,PINAWA,MB,CAN,503B1ER,50.18,-96.06,-6,268,1998,2017
CWEEDS2011,PORTAGE SOUTHPORT,MB,CAN,5012324,49.9,-98.28,-6,272.7,1998,2017
CWEEDS2011,ROBLIN,MB,CAN,5012469,51.18,-101.36,-6,539.5,1998,2017
CWEEDS2011,SHOAL LAKE CS,MB,CAN,5012654,50.45,-100.6,-6,561.3,1998,2017
CWEEDS2011,SPRAGUE,MB,CAN,5022759,49.02,-95.6,-6,328.8,1998,2017
CWEEDS2011,SWAN RIVER RCS,MB,CAN,504K80K,52.11,-101.23,-6,334.8,1998,2017
CWEEDS2011,TADOULE LAKE CS,MB,CAN,5062840,58.72,-98.5,-6,262,2005,2017
CWEEDS2011,THE PAS A,MB,CAN,5052881,53.97,-101.09,-6,270.6,1998,2017
CWEEDS2011,THOMPSON A,MB,CAN,5062921,55.8,-97.86,-6,224,1998,2017
CWEEDS2011,VICTORIA BEACH (AUT),MB,CAN,5032951,50.7,-96.57,-6,220.1,1998,2017
CWEEDS2011,WASAGAMING,MB,CAN,5013117,50.66,-99.94,-6,627.4,1998,2017
CWEEDS2011,WINNIPEG INTL A,MB,CAN,5023227,49.91,-97.24,-6,238.7,1998,2017
CWEEDS2011,WINNIPEG THE FORKS,MB,CAN,5023262,49.89,-97.13,-6,230,2000,2017
CWEEDS2011,BAS CARAQUET,NB,CAN,8100467,47.8,-64.83,-4,5,1998,2017
CWEEDS2011,BATHURST A,NB,CAN,8100505,47.63,-65.74,-4,58.8,1998,2017
CWEEDS2011,CHARLO AUTO,NB,CAN,8100885,47.99,-66.33,-4,42,2004,2017
CWEEDS2011,EDMUNDSTON,NB,CAN,8101303,47.42,-68.32,-4,154.2,2005,2017
CWEEDS2011,FREDERICTON,NB,CAN,8101505,45.87,-66.54,-4,20.7,1998,2017
CWEEDS2011,GRAND MANAN SAR CS,NB,CAN,8101925,44.71,-66.8,-4,78.2,2001,2017
CWEEDS2011,MIRAMICHI RCS,NB,CAN,8100989,47.01,-65.46,-4,33,1999,2017
CWEEDS2011,MISCOU ISLAND (AUT),NB,CAN,8103050,48.01,-64.49,-4,4,1998,2017
CWEEDS2011,MONCTON INTL A,NB,CAN,8103201,46.11,-64.68,-4,70.7,1998,2017
CWEEDS2011,POINT LEPREAU CS,NB,CAN,8104201,45.07,-66.45,-4,6,1998,2017
CWEEDS2011,SAINT JOHN A,NB,CAN,8104901,45.32,-65.89,-4,108.8,1998,2017
CWEEDS2011,ST LEONARD CS,NB,CAN,810I001,47.16,-67.83,-4,245,1998,2016
CWEEDS2011,ST. STEPHEN,NB,CAN,8104935,45.22,-67.25,-4,26.1,1998,2017
CWEEDS2011,ARGENTIA (AUT),NL,CAN,8400104,47.29,-53.99,-4,19,1998,2016
CWEEDS2011,BADGER (AUT),NL,CAN,8400301,48.97,-56.07,-4,102.7,1998,2017
CWEEDS2011,BONAVISTA,NL,CAN,8400601,48.67,-53.11,-4,25.6,1998,2017
CWEEDS2011,BURGEO NL,NL,CAN,8400801,47.62,-57.62,-4,10.6,1998,2017
CWEEDS2011,CAPE RACE (AUT),NL,CAN,8401000,46.66,-53.08,-4,26.5,2001,2017
CWEEDS2011,CARTWRIGHT A,NL,CAN,8501101,53.68,-57.04,-4,14.3,1998,2017
CWEEDS2011,CHURCHILL FALLS,NL,CAN,8501131,53.56,-64.07,-4,439.5,1998,2017
CWEEDS2011,CORNER BROOK,NL,CAN,8401298,48.93,-57.92,-4,151.8,1998,2017
CWEEDS2011,DANIELS HARBOUR,NL,CAN,8401400,50.24,-57.58,-4,19,1998,2017
CWEEDS2011,DEER LAKE A,NL,CAN,8401502,49.21,-57.39,-4,21.9,1998,2017
CWEEDS2011,ENGLEE (AUT),NL,CAN,8401538,50.72,-56.11,-4,30.3,2005,2017
CWEEDS2011,FEROLLE POINT (AUT),NL,CAN,8401565,51.02,-57.1,-4,5.8,2005,2017
CWEEDS2011,GANDER INTL A,NL,CAN,8401703,48.94,-54.57,-4,151.2,1998,2017
CWEEDS2011,GOOSE A,NL,CAN,8501900,53.32,-60.42,-4,48.8,1998,2017
CWEEDS2011,HOPEDALE (AUT),NL,CAN,8502400,55.45,-60.22,-4,11.9,2005,2017
CWEEDS2011,LA SCIE,NL,CAN,8402520,49.92,-55.67,-4,194,1998,2017
CWEEDS2011,MARY'S HARBOUR A,NL,CAN,8502592,52.3,-55.85,-4,11.6,1998,2017
CWEEDS2011,PORT AUX BASQUES,NL,CAN,8402975,47.57,-59.15,-4,39.7,1999,2015
CWEEDS2011,ROCKY HARBOUR CS,NL,CAN,8403097,49.57,-57.88,-4,67.7,2000,2017
CWEEDS2011,SAGONA ISLAND,NL,CAN,8403255,47.37,-55.79,-4,59.7,2004,2016
CWEEDS2011,ST LAWRENCE,NL,CAN,8403619,46.92,-55.38,-4,48.5,1998,2017
CWEEDS2011,ST. JOHN'S INTL A,NL,CAN,8403505,47.62,-52.75,-4,140.5,1998,2017
CWEEDS2011,STEPHENVILLE A,NL,CAN,8403801,48.53,-58.55,-4,24.7,1998,2017
CWEEDS2011,TERRA NOVA NAT PARK CS,NL,CAN,8403851,48.56,-53.97,-4,106.7,2000,2017
CWEEDS2011,TWILLINGATE (AUT),NL,CAN,8404025,49.68,-54.8,-4,92.3,1998,2017
CWEEDS2011,WABUSH A,NL,CAN,8504177,52.92,-66.86,-4,551.4,1998,2017
CWEEDS2011,WINTERLAND,NL,CAN,8404241,47.14,-55.33,-4,29.3,2000,2017
CWEEDS2011,WRECKHOUSE,NL,CAN,8404343,47.71,-59.31,-4,31.7,1998,2017
CWEEDS2011,BEAVER ISLAND (AUT),NS,CAN,8200558,44.82,-62.33,-4,16,2003,2016
CWEEDS2011,BEDFORD BASIN,NS,CAN,8200573,44.71,-63.63,-4,3.5,2005,2017
CWEEDS2011,BEDFORD RANGE,NS,CAN,8200574,44.75,-63.66,-4,9.6,2005,2017
CWEEDS2011,BRIER ISLAND,NS,CAN,8200604,44.29,-66.35,-4,15.8,1998,2017
CWEEDS2011,CARIBOU POINT (AUT),NS,CAN,8200774,45.77,-62.68,-4,2.4,2005,2017
CWEEDS2011,CHETICAMP CS,NS,CAN,8200827,46.65,-60.95,-4,43.9,2000,2017
CWEEDS2011,DEBERT,NS,CAN,8201390,45.43,-63.47,-4,37.5,2004,2017
CWEEDS2011,GRAND ETANG,NS,CAN,8201969,46.55,-61.05,-4,12.5,1998,2017
CWEEDS2011,GREENWOOD A,NS,CAN,8202000,44.98,-64.92,-4,28,1998,2017
CWEEDS2011,HALIFAX DOCKYARD,NS,CAN,8202240,44.66,-63.58,-4,3.8,2005,2017
CWEEDS2011,HALIFAX INTL A,NS,CAN,8202251,44.88,-63.51,-4,145.4,1998,2017
CWEEDS2011,HART ISLAND (AUT),NS,CAN,8202318,45.35,-60.98,-4,8.2,2003,2017
CWEEDS2011,INGONISH BEACH RCS,NS,CAN,8202502,46.66,-60.41,-4,10,2001,2017
CWEEDS2011,KEJIMKUJIK 1,NS,CAN,8202592,44.4,-65.2,-4,125,1998,2017
CWEEDS2011,KENTVILLE CDA CS,NS,CAN,8202810,45.07,-64.48,-4,48.7,2000,2017
CWEEDS2011,LUNENBURG,NS,CAN,8203210,44.36,-64.3,-4,3.8,2003,2017
CWEEDS2011,MALAY FALLS,NS,CAN,8203405,44.98,-62.48,-4,39.6,2001,2017
CWEEDS2011,MCNABS ISLAND (AUT),NS,CAN,8203478,44.6,-63.53,-4,15.4,2000,2016
CWEEDS2011,NAPPAN AUTO,NS,CAN,8203702,45.76,-64.24,-4,19.8,2004,2017
CWEEDS2011,NORTH MOUNTAIN CS,NS,CAN,8204161,46.82,-60.67,-4,439.4,1999,2017
CWEEDS2011,NORTHEAST MARGAREE (AUT),NS,CAN,8204154,46.37,-60.98,-4,54,2002,2017
CWEEDS2011,PARRSBORO,NS,CAN,8204402,45.41,-64.35,-4,30.9,2005,2017
CWEEDS2011,SABLE ISLAND A,NS,CAN,8204703,43.95,-59.96,-4,1.2,1998,2017
CWEEDS2011,SHEARWATER RCS,NS,CAN,8205092,44.64,-63.51,-4,53,1998,2017
CWEEDS2011,ST PAUL ISLAND (AUT),NS,CAN,8204909,47.23,-60.14,-4,27,2003,2017
CWEEDS2011,SYDNEY A,NS,CAN,8205701,46.16,-60.05,-4,61.9,1998,2017
CWEEDS2011,TRACADIE,NS,CAN,8205895,45.61,-61.68,-4,66.7,2004,2017
CWEEDS2011,WESTERN HEAD,NS,CAN,8206240,43.99,-64.66,-4,10.1,1998,2017
CWEEDS2011,YARMOUTH A,NS,CAN,8206495,43.83,-66.09,-4,43,1998,2017
CWEEDS2011,DEADMEN VALLEY,NT,CAN,22010H0,61.26,-124.47,-7,283,2005,2017
CWEEDS2011,DELINE CS,NT,CAN,2201022,65.21,-123.43,-7,212.8,2005,2017
CWEEDS2011,FORT GOOD HOPE CS,NT,CAN,2201450,66.24,-128.64,-7,81.7,2005,2017
CWEEDS2011,FORT LIARD,NT,CAN,2201579,60.23,-123.47,-7,213.4,2005,2017
CWEEDS2011,FORT PROVIDENCE,NT,CAN,2201799,61.32,-117.6,-7,161.5,2005,2017
CWEEDS2011,FORT RELIANCE (AUT),NT,CAN,2201903,62.71,-109.17,-7,167.6,2005,2017
CWEEDS2011,FORT SIMPSON A,NT,CAN,2202103,61.76,-121.24,-8,169.5,2005,2017
CWEEDS2011,FORT SMITH A,NT,CAN,2202201,60.02,-111.96,-7,205.1,2005,2017
CWEEDS2011,HAY RIVER A,NT,CAN,2202401,60.84,-115.78,-7,164.9,2005,2017
CWEEDS2011,HOLMAN CS,NT,CAN,2502505,70.76,-117.8,-7,29.9,2005,2017
CWEEDS2011,INNER WHALEBACKS,NT,CAN,2202560,61.92,-113.73,-7,165.2,2005,2017
CWEEDS2011,INUVIK A,NT,CAN,2202571,68.3,-133.48,-8,67.7,2005,2017
CWEEDS2011,KEATS POINT,NT,CAN,2202663,69.67,-121.67,-7,330.2,2005,2017
CWEEDS2011,LAC LA MARTRE,NT,CAN,2202678,63.13,-117.25,-7,271.3,2005,2017
CWEEDS2011,LINDBURG LANDING,NT,CAN,220N003,61.13,-122.85,-7,183,2005,2017
CWEEDS2011,LITTLE CHICAGO,NT,CAN,220B6Q3,67.18,-130.23,-7,62.5,2005,2017
CWEEDS2011,LIVERPOOL BAY,NT,CAN,220B68C,69.6,-130.91,-7,101.9,2005,2017
CWEEDS2011,LOWER CARP LAKE,NT,CAN,220N004,63.6,-113.86,-7,373.4,2005,2017
CWEEDS2011,LUTSELK'E CS,NT,CAN,220L002,62.42,-110.69,-7,178.9,2005,2017
CWEEDS2011,MOULD BAY CS,NT,CAN,250M001,76.24,-119.35,-7,1.5,2005,2017
CWEEDS2011,NORMAN WELLS A,NT,CAN,2202801,65.28,-126.8,-8,72.5,2005,2017
CWEEDS2011,PAULATUK,NT,CAN,2203058,69.36,-124.08,-7,6.3,2005,2017
CWEEDS2011,PELLY ISLAND,NT,CAN,2203095,69.63,-135.44,-7,17,2005,2017
CWEEDS2011,RABBIT KETTLE,NT,CAN,2203342,61.96,-127.21,-7,618,2005,2017
CWEEDS2011,SACHS HARBOUR CLIMATE,NT,CAN,2503648,71.99,-125.25,-7,87.5,2005,2017
CWEEDS2011,STORM HILLS,NT,CAN,220LQJJ,68.91,-133.94,-7,261.4,2005,2017
CWEEDS2011,THOMSEN RIVER,NT,CAN,2503886,73.23,-119.54,-7,41.5,2005,2014
CWEEDS2011,TRAIL VALLEY,NT,CAN,220N005,68.75,-133.5,-7,85,2005,2017
CWEEDS2011,TUKTOYAKTUK,NT,CAN,2203914,69.43,-133.02,-7,4.6,2005,2017
CWEEDS2011,YELLOWKNIFE A,NT,CAN,2204101,62.46,-114.44,-7,205.7,2005,2017
CWEEDS2011,YOHIN,NT,CAN,2204300,61.24,-123.74,-7,204,2005,2017
CWEEDS2011,ALERT CLIMATE,NU,CAN,2400305,82.5,-62.33,-5,65.4,2005,2017
CWEEDS2011,ARCTIC BAY CS,NU,CAN,2400404,72.99,-85.01,-5,10,2005,2017
CWEEDS2011,ARVIAT CLIMATE,NU,CAN,2301153,61.1,-94.07,-6,9.8,2005,2017
CWEEDS2011,BAKER LAKE A,NU,CAN,2300503,64.3,-96.08,-6,18.6,2005,2017
CWEEDS2011,BREVOORT ISLAND,NU,CAN,2400565,63.34,-64.15,-5,376,2005,2017
CWEEDS2011,BROUGHTON ISLAND,NU,CAN,2400570,67.54,-63.79,-5,584.4,2005,2017
CWEEDS2011,CAMBRIDGE BAY A,NU,CAN,2400601,69.11,-105.14,-7,31.1,2005,2017
CWEEDS2011,CAPE DORSET CLIMATE,NU,CAN,2400636,64.23,-76.53,-5,50,2005,2017
CWEEDS2011,CAPE DYER,NU,CAN,2400650,66.65,-61.38,-5,725.1,2005,2017
CWEEDS2011,CAPE HOOPER,NU,CAN,2400660,68.47,-66.82,-5,390.1,2005,2017
CWEEDS2011,CAPE MERCY,NU,CAN,2400F63,64.96,-63.58,-5,582.6,2005,2017
CWEEDS2011,CAPE PEEL WEST,NU,CAN,2400697,69.03,-107.82,-7,165.3,2006,2017
CWEEDS2011,CLYDE RIVER CLIMATE,NU,CAN,2400802,70.48,-68.52,-5,26.5,2005,2017
CWEEDS2011,CORAL HARBOUR A,NU,CAN,2301002,64.19,-83.36,-5,62.2,2005,2017
CWEEDS2011,DEWAR LAKES,NU,CAN,2401030,68.65,-71.17,-5,526.7,2005,2017
CWEEDS2011,ENNADAI LAKE (AUT),NU,CAN,2301102,61.13,-100.88,-6,353.1,2005,2017
CWEEDS2011,EUREKA A,NU,CAN,2401203,79.99,-85.81,-6,82.9,2005,2017
CWEEDS2011,GJOA HAVEN CLIMATE,NU,CAN,2302340,68.64,-95.85,-7,42.3,2005,2017
CWEEDS2011,GRISE FIORD CLIMATE,NU,CAN,2402351,76.42,-82.9,-5,44.5,2007,2017
CWEEDS2011,HALL BEACH A,NU,CAN,2402354,68.78,-81.24,-5,9.1,2005,2017
CWEEDS2011,HAT ISLAND,NU,CAN,2302370,68.32,-100.09,-7,36.1,2005,2017
CWEEDS2011,IQALUIT A,NU,CAN,2402596,63.76,-68.56,-5,33.5,2005,2017
CWEEDS2011,ISACHSEN (AUT),NU,CAN,2402604,78.79,-103.55,-6,58,2005,2017
CWEEDS2011,KUGAARUK CLIMATE,NU,CAN,2303094,68.54,-89.8,-7,15.8,2005,2017
CWEEDS2011,KUGLUKTUK A,NU,CAN,2300903,67.82,-115.14,-7,22.6,2005,2017
CWEEDS2011,LONGSTAFF BLUFF,NU,CAN,2402684,68.9,-75.14,-5,160.8,2005,2017
CWEEDS2011,LUPIN CS,NU,CAN,230N002,65.76,-111.25,-7,488,2005,2017
CWEEDS2011,PANGNIRTUNG A,NU,CAN,2403054,66.15,-65.71,-5,24,2005,2017
CWEEDS2011,POND INLET A,NU,CAN,2403206,72.69,-77.97,-5,61.6,2005,2017
CWEEDS2011,QIKIQTARJUAQ CLIMATE,NU,CAN,2400573,67.55,-64.03,-5,6.4,2005,2017
CWEEDS2011,RANKIN INLET A,NU,CAN,2303405,62.81,-92.11,-6,32.3,2005,2017
CWEEDS2011,REA POINT,NU,CAN,2403450,75.38,-105.71,-7,15,2005,2017
CWEEDS2011,RESOLUTE BAY A,NU,CAN,2403498,74.72,-94.97,-6,67.7,2005,2017
CWEEDS2011,RESOLUTION ISLAND,NU,CAN,2403602,61.58,-64.65,-4,368.5,2005,2017
CWEEDS2011,ROWLEY ISLAND,NU,CAN,2403625,69.08,-79.03,-5,41,2005,2017
CWEEDS2011,SHEPHERD BAY A,NU,CAN,2303685,68.82,-93.43,-7,42.7,2005,2017
CWEEDS2011,TALOYOAK A,NU,CAN,2403855,69.55,-93.58,-6,27.4,2005,2017
CWEEDS2011,ALGONQUIN PARK EAST GATE,ON,CAN,6080192,45.53,-78.27,-5,397,2005,2017
CWEEDS2011,ARMSTRONG (AUT),ON,CAN,6040325,50.29,-88.91,-5,322.5,1998,2017
CWEEDS2011,ATIKOKAN (AUT),ON,CAN,6020LPQ,48.76,-91.63,-5,389.3,1998,2017
CWEEDS2011,BANCROFT AUTO,ON,CAN,616I001,45.07,-77.88,-5,330.7,1998,2017
CWEEDS2011,BARRIE-ORO,ON,CAN,6117700,44.48,-79.55,-5,289,2004,2017
CWEEDS2011,BIG TROUT LAKE A,ON,CAN,6010735,53.82,-89.9,-6,222.5,1998,2017
CWEEDS2011,BORDEN AWOS,ON,CAN,611B002,44.27,-79.91,-5,222.5,2001,2017
CWEEDS2011,BURLINGTON PIERS (AUT),ON,CAN,6151061,43.3,-79.8,-5,77.4,1998,2017
CWEEDS2011,CAMERON FALLS (AUT),ON,CAN,6041110,49.15,-88.34,-5,232.6,2001,2017
CWEEDS2011,COBOURG (AUT),ON,CAN,6151684,43.95,-78.17,-5,77.7,1998,2017
CWEEDS2011,COLLINGWOOD,ON,CAN,6111792,44.5,-80.22,-5,179.8,1998,2017
CWEEDS2011,DELHI CS,ON,CAN,6131983,42.87,-80.55,-5,231.7,2000,2017
CWEEDS2011,DRYDEN REGIONAL,ON,CAN,6032125,49.83,-92.74,-6,412.7,2000,2017
CWEEDS2011,EAR FALLS (AUT),ON,CAN,6012199,50.63,-93.22,-6,362.6,2001,2017
CWEEDS2011,EARLTON A,ON,CAN,6072223,47.7,-79.85,-5,243.4,2001,2017
CWEEDS2011,EGBERT CS,ON,CAN,611E001,44.23,-79.78,-5,251,2001,2017
CWEEDS2011,ELORA RCS,ON,CAN,6142286,43.65,-80.42,-5,376.4,2004,2017
CWEEDS2011,ERIEAU (AUT),ON,CAN,613KLLM,42.25,-81.9,-5,178,1998,2017
CWEEDS2011,GERALDTON A,ON,CAN,6042717,49.78,-86.94,-5,348.4,1998,2017
CWEEDS2011,GODERICH,ON,CAN,6122847,43.77,-81.72,-5,213.7,1998,2017
CWEEDS2011,GORE BAY CLIMATE,ON,CAN,6092920,45.88,-82.57,-5,193.5,1998,2017
CWEEDS2011,HAMILTON A,ON,CAN,6153193,43.17,-79.93,-5,237.7,2000,2017
CWEEDS2011,HAMILTON RBG CS,ON,CAN,6153301,43.29,-79.91,-5,102,2001,2017
CWEEDS2011,HARROW CDA AUTO,ON,CAN,6133362,42.03,-82.9,-5,191,2001,2017
CWEEDS2011,KAPUSKASING A,ON,CAN,6073976,49.41,-82.47,-5,226.5,1998,2017
CWEEDS2011,KEMPTVILLE CS,ON,CAN,6104027,45,-75.63,-5,99.4,2002,2017
CWEEDS2011,KENORA A,ON,CAN,6034076,49.79,-94.36,-6,409.7,1998,2017
CWEEDS2011,KILLARNEY (AUT),ON,CAN,605DJ25,45.97,-81.48,-5,196.3,1998,2017
CWEEDS2011,KIRKLAND LAKE CS,ON,CAN,6074211,48.15,-80,-5,324,2002,2017
CWEEDS2011,LAGOON CITY,ON,CAN,6114295,44.55,-79.22,-5,220.7,1998,2017
CWEEDS2011,LANSDOWNE HOUSE (AUT),ON,CAN,6014353,52.2,-87.94,-5,253.4,1998,2017
CWEEDS2011,LONDON A,ON,CAN,6144473,43.03,-81.15,-5,278,1998,2017
CWEEDS2011,MOOSONEE,ON,CAN,6075420,51.29,-80.61,-5,9.1,1998,2017
CWEEDS2011,MOUNT FOREST (AUT),ON,CAN,6145504,43.98,-80.75,-5,414.5,1998,2017
CWEEDS2011,MUSKOKA,ON,CAN,6115529,44.97,-79.3,-5,281.9,1998,2017
CWEEDS2011,NAGAGAMI (AUT),ON,CAN,6075543,49.75,-84.16,-5,264,1998,2017
CWEEDS2011,NORTH BAY A,ON,CAN,6085680,46.36,-79.42,-5,370.3,1998,2017
CWEEDS2011,OTTAWA INTL A,ON,CAN,6106001,45.32,-75.67,-5,114.9,1998,2017
CWEEDS2011,PARRY SOUND CCG,ON,CAN,6116257,45.34,-80.04,-5,176.3,2003,2017
CWEEDS2011,PEAWANUCK (AUT),ON,CAN,6016295,54.99,-85.44,-5,52.7,1998,2017
CWEEDS2011,PETERBOROUGH,ON,CAN,6166415,44.23,-78.36,-5,191.4,1998,2017
CWEEDS2011,PICKLE LAKE (AUT),ON,CAN,6016525,51.45,-90.22,-5,390.8,1998,2017
CWEEDS2011,POINT PELEE CS,ON,CAN,613P001,41.95,-82.52,-5,176.8,2002,2014
CWEEDS2011,POINT PETRE (AUT),ON,CAN,6156559,43.83,-77.15,-5,78.6,1998,2017
CWEEDS2011,PORT WELLER (AUT),ON,CAN,6136699,43.25,-79.22,-5,79,1998,2017
CWEEDS2011,PUKASKWA (AUT),ON,CAN,6046768,48.61,-86.29,-5,191.5,1998,2017
CWEEDS2011,SAULT STE MARIE A,ON,CAN,6057591,46.49,-84.51,-5,192,1998,2017
CWEEDS2011,SIOUX LOOKOUT A,ON,CAN,6037776,50.11,-91.91,-6,383.1,1998,2017
CWEEDS2011,SUDBURY A,ON,CAN,6068153,46.63,-80.8,-5,348.4,1998,2017
CWEEDS2011,THUNDER BAY A,ON,CAN,6048262,48.37,-89.32,-5,199.3,1998,2017
CWEEDS2011,TIMMINS A,ON,CAN,6078286,48.57,-81.38,-5,294.7,1998,2017
CWEEDS2011,TORONTO BUTTONVILLE A,ON,CAN,6158410,43.86,-79.37,-5,198.1,1998,2017
CWEEDS2011,TORONTO CITY CENTRE,ON,CAN,6158359,43.63,-79.39,-5,76.8,1998,2017
CWEEDS2011,TORONTO CITY,ON,CAN,6158355,43.67,-79.4,-5,112.5,2003,2017
CWEEDS2011,TORONTO INTL A,ON,CAN,6158731,43.68,-79.63,-5,173.4,1998,2017
CWEEDS2011,TRENTON A,ON,CAN,6158875,44.12,-77.53,-5,86.3,1998,2017
CWEEDS2011,UPSALA (AUT),ON,CAN,6049095,49.03,-90.47,-5,488.5,1998,2017
CWEEDS2011,VINELAND STATION RCS,ON,CAN,6139148,43.18,-79.4,-5,79.2,2003,2017
CWEEDS2011,WAWA A,ON,CAN,6059413,47.97,-84.79,-5,287.7,1998,2017
CWEEDS2011,WIARTON A,ON,CAN,6119499,44.74,-81.11,-5,221.9,1998,2017
CWEEDS2011,WINDSOR A,ON,CAN,6139527,42.28,-82.96,-5,189.6,1998,2017
CWEEDS2011,CHARLOTTETOWN A,PE,CAN,8300301,46.29,-63.12,-4,48.5,1998,2017
CWEEDS2011,EAST POINT (AUT),PE,CAN,8300418,46.46,-61.99,-4,7.7,1998,2017
CWEEDS2011,HARRINGTON CDA CS,PE,CAN,830P001,46.34,-63.17,-4,53,2005,2017
CWEEDS2011,MAPLE PLAINS,PE,CAN,8305500,46.3,-63.58,-4,45.7,2002,2017
CWEEDS2011,NORTH CAPE,PE,CAN,8300516,47.06,-64,-4,7.6,1998,2017
CWEEDS2011,ST. PETERS,PE,CAN,8300562,46.45,-62.58,-4,29.7,2004,2017
CWEEDS2011,SUMMERSIDE,PE,CAN,8300596,46.44,-63.84,-4,12.2,1998,2017
CWEEDS2011,AMQUI,QC,CAN,7050145,48.47,-67.43,-5,166,1998,2017
CWEEDS2011,BAGOTVILLE A,QC,CAN,7060400,48.33,-71,-5,159.1,1998,2017
CWEEDS2011,BAIE-COMEAU A,QC,CAN,7040442,49.13,-68.2,-5,21.6,1998,2017
CWEEDS2011,BAIE-COMEAU,QC,CAN,704S001,49.26,-68.15,-5,129.5,1998,2017
CWEEDS2011,BARRAGE TEMISCAMINGUE,QC,CAN,7080468,46.71,-79.1,-5,181.4,1998,2017
CWEEDS2011,BEAUCEVILLE,QC,CAN,7028754,46.21,-70.78,-5,229.2,1998,2017
CWEEDS2011,BEAUPORT,QC,CAN,7010565,46.84,-71.2,-5,10,2000,2017
CWEEDS2011,BONNARD 1,QC,CAN,7060826,50.73,-71.01,-5,498,1998,2017
CWEEDS2011,CAP-D'ESPOIR,QC,CAN,7051050,48.42,-64.32,-5,15.4,1998,2017
CWEEDS2011,CAP-MADELEINE,QC,CAN,7051163,49.25,-65.32,-5,29,1998,2017
CWEEDS2011,CAP-ROUGE,QC,CAN,7041166,48.37,-70.54,-5,7.3,1998,2017
CWEEDS2011,CAP-TOURMENTE,QC,CAN,7041JG6,47.08,-70.78,-5,6,1998,2017
CWEEDS2011,CAPE WHITTLE,QC,CAN,7041100,50.16,-60.06,-4,7,2001,2017
CWEEDS2011,CHAMOUCHOUANE,QC,CAN,7061288,49.28,-73.36,-5,303.8,1998,2017
CWEEDS2011,CHAPAIS,QC,CAN,7091299,49.82,-74.98,-5,381.1,2002,2017
CWEEDS2011,CHARLEVOIX (MRC),QC,CAN,7041312,47.28,-70.64,-5,722.7,1998,2017
CWEEDS2011,CHEVERY,QC,CAN,7041382,50.47,-59.64,-5,7.7,1998,2017
CWEEDS2011,CHUTE-DES-PASSES,QC,CAN,7061541,49.84,-71.17,-5,398.2,1998,2017
CWEEDS2011,DESCHAMBAULT,QC,CAN,7011983,46.69,-71.97,-5,61,1998,2017
CWEEDS2011,FORET MONTMORENCY RCS,QC,CAN,7042395,47.32,-71.15,-5,672.8,2004,2017
CWEEDS2011,FRELIGHSBURG,QC,CAN,7022579,45.03,-72.85,-5,224,1998,2017
CWEEDS2011,GASPE A,QC,CAN,7052601,48.78,-64.48,-5,16,1998,2017
CWEEDS2011,HAVRE ST. PIERRE,QC,CAN,7043019,50.28,-63.61,-5,37.8,1998,2017
CWEEDS2011,HIGH FALLS,QC,CAN,7033121,45.84,-75.65,-5,194.6,2000,2017
CWEEDS2011,ILE AUX PERROQUETS,QC,CAN,7043B79,50.22,-64.21,-5,9,1998,2017
CWEEDS2011,ILE ROUGE,QC,CAN,7043BP9,48.07,-69.56,-5,5.9,1998,2017
CWEEDS2011,ILES DE LA MADELEINE,QC,CAN,7053KGR,47.43,-61.77,-5,7.6,1998,2017
CWEEDS2011,INUKJUAK A,QC,CAN,710S005,58.47,-78.08,-5,26.2,2005,2017
CWEEDS2011,JONQUIERE,QC,CAN,7063370,48.43,-71.14,-5,135.6,1998,2017
CWEEDS2011,KUUJJUAQ A,QC,CAN,7113535,58.09,-68.42,-5,39.9,2005,2017
CWEEDS2011,KUUJJUARAPIK A,QC,CAN,7103537,55.28,-77.77,-5,12.2,1998,2017
CWEEDS2011,L'ACADIE,QC,CAN,702LED4,45.29,-73.35,-5,43.8,1998,2017
CWEEDS2011,L'ASSOMPTION,QC,CAN,7014160,45.81,-73.43,-5,21,1998,2017
CWEEDS2011,L'ETAPE,QC,CAN,7015791,47.56,-71.23,-5,791.2,1998,2017
CWEEDS2011,LA BAIE,QC,CAN,706Q001,48.3,-70.92,-5,151.6,1998,2017
CWEEDS2011,LA POCATIERE,QC,CAN,7054096,47.36,-70.03,-5,31,1998,2017
CWEEDS2011,LA TUQUE,QC,CAN,707DBD4,47.41,-72.79,-5,168.9,1998,2017
CWEEDS2011,LAC BENOIT,QC,CAN,706I001,51.53,-71.11,-5,549,1998,2017
CWEEDS2011,LAC EON,QC,CAN,704C64L,51.87,-63.28,-5,588.9,1998,2017
CWEEDS2011,LAC MEMPHREMAGOG,QC,CAN,702CFGG,45.27,-72.17,-5,208.7,2002,2017
CWEEDS2011,LAC SAINT-PIERRE,QC,CAN,701LP0N,46.18,-72.92,-5,16.2,1999,2017
CWEEDS2011,LATERRIERE,QC,CAN,7064181,48.31,-71.13,-5,162.7,2003,2017
CWEEDS2011,LEMIEUX,QC,CAN,701Q009,46.3,-72.06,-5,97.2,2000,2017
CWEEDS2011,LENNOXVILLE,QC,CAN,7024280,45.37,-71.82,-5,181,1998,2017
CWEEDS2011,LONGUE-POINTE-DE-MINGAN,QC,CAN,7044328,50.27,-64.23,-5,11,1998,2017
CWEEDS2011,LOURDES DE BLANC SABLON A,QC,CAN,7040815,51.44,-57.19,-4,37.2,1998,2017
CWEEDS2011,MANIWAKI AIRPORT,QC,CAN,7034482,46.27,-75.99,-5,199.7,1998,2017
CWEEDS2011,MANOUANE EST,QC,CAN,706I155,50.66,-70.53,-5,497,1998,2017
CWEEDS2011,MATAGAMI A,QC,CAN,7094636,49.76,-77.8,-5,279.8,1998,2017
CWEEDS2011,MCTAVISH,QC,CAN,7024745,45.5,-73.58,-5,72.8,1998,2017
CWEEDS2011,MONT JOLI A,QC,CAN,7055121,48.61,-68.21,-5,52.4,1998,2017
CWEEDS2011,MONTREAL-EST,QC,CAN,7025252,45.63,-73.55,-5,50.4,1998,2007
CWEEDS2011,MONTREAL INTL A,QC,CAN,7025251,45.47,-73.74,-5,36,1998,2017
CWEEDS2011,MONTREAL MIRABEL INTL A,QC,CAN,7034900,45.68,-74.03,-5,82.3,1998,2017
CWEEDS2011,MONTREAL-ST-HUBERT,QC,CAN,7027329,45.52,-73.42,-5,27.4,1998,2017
CWEEDS2011,NATASHQUAN A,QC,CAN,7045401,50.19,-61.81,-4,11.7,1998,2017
CWEEDS2011,NEW CARLISLE 1,QC,CAN,7055422,48.01,-65.33,-5,46.4,1998,2017
CWEEDS2011,NICOLET,QC,CAN,7025442,46.23,-72.66,-5,8,1998,2017
CWEEDS2011,NORMANDIN,QC,CAN,7065639,48.84,-72.55,-5,137.2,1998,2017
CWEEDS2011,PARENT,QC,CAN,7075800,47.92,-74.64,-5,444.7,1999,2017
CWEEDS2011,POINTE-AU-PERE (INRS),QC,CAN,7056068,48.51,-68.47,-5,4.9,1998,2017
CWEEDS2011,POINTE CLAVEAU,QC,CAN,704607C,48.26,-70.11,-5,4,1998,2017
CWEEDS2011,POINTE DE L'ISLET,QC,CAN,7046059,48.14,-69.72,-5,7,1998,2017
CWEEDS2011,POINTE-DES-MONTS,QC,CAN,704F0PN,49.32,-67.38,-5,5.9,1998,2017
CWEEDS2011,POINTE NOIRE CS,QC,CAN,704Q003,50.16,-66.43,-5,24,1998,2017
CWEEDS2011,PORT-MENIER,QC,CAN,7056202,49.84,-64.29,-5,55.2,1999,2017
CWEEDS2011,QUEBEC INTL A,QC,CAN,7016293,46.8,-71.38,-5,74.4,1998,2017
CWEEDS2011,RIVIERE-DU-LOUP,QC,CAN,7056616,47.81,-69.55,-5,146.5,1998,2017
CWEEDS2011,ROBERVAL A,QC,CAN,7066686,48.52,-72.27,-5,178.6,1998,2017
CWEEDS2011,ROUYN-NORANDA A,QC,CAN,7086719,48.21,-78.84,-5,301.1,1998,2017
CWEEDS2011,ROUYN,QC,CAN,7086716,48.25,-79.03,-5,318,1998,2017
CWEEDS2011,SCHEFFERVILLE A,QC,CAN,7117823,54.81,-66.81,-5,520.9,1998,2017
CWEEDS2011,SEPT-ILES A,QC,CAN,7047911,50.22,-66.27,-5,54.9,1998,2017
CWEEDS2011,SHAWINIGAN,QC,CAN,7018001,46.56,-72.73,-5,110,2000,2017
CWEEDS2011,ST-ANICET 1,QC,CAN,702FQLF,45.12,-74.29,-5,49.1,1998,2017
CWEEDS2011,ST-JOVITE,QC,CAN,703GDKB,46.08,-74.56,-5,238.5,1998,2017
CWEEDS2011,STE-ANNE-DE-BELLEVUE 1,QC,CAN,702FHL8,45.43,-73.93,-5,39,1998,2017
CWEEDS2011,STE-CLOTHILDE,QC,CAN,7027039,45.17,-73.68,-5,53,1998,2017
CWEEDS2011,STE-FOY (U. LAVAL),QC,CAN,701Q004,46.78,-71.29,-5,91.4,1998,2017
CWEEDS2011,VAL-D'OR,QC,CAN,7098603,48.06,-77.79,-5,338.9,1998,2017
CWEEDS2011,VARENNES,QC,CAN,702327X,45.72,-73.38,-5,17.9,1998,2015
CWEEDS2011,ASSINIBOIA AIRPORT,SK,CAN,4020286,49.73,-105.95,-6,725.5,1998,2017
CWEEDS2011,BROADVIEW,SK,CAN,4010879,50.37,-102.57,-6,599.8,1998,2017
CWEEDS2011,BUFFALO NARROWS (AUT),SK,CAN,4060983,55.84,-108.42,-6,440.1,2003,2017
CWEEDS2011,COLLINS BAY SK,SK,CAN,4061620,58.23,-103.68,-6,412.6,2005,2017
CWEEDS2011,CORONACH SPC,SK,CAN,40318MN,49.05,-105.48,-6,756,1998,2017
CWEEDS2011,CYPRESS HILLS PARK,SK,CAN,4031999,49.64,-109.51,-6,1270.6,1998,2017
CWEEDS2011,EASTEND CYPRESS (AUT),SK,CAN,4032322,49.44,-108.99,-6,1079.6,1998,2017
CWEEDS2011,ELBOW CS,SK,CAN,4022359,51.13,-106.58,-6,595,1998,2017
CWEEDS2011,ESTEVAN A,SK,CAN,4012401,49.21,-102.97,-6,580.3,1998,2017
CWEEDS2011,HUDSON BAY(AUT),SK,CAN,4083324,52.82,-102.32,-6,358.1,1998,2017
CWEEDS2011,INDIAN HEAD CDA,SK,CAN,4013480,50.55,-103.65,-6,579.1,1998,2017
CWEEDS2011,ISLAND FALLS (AUT),SK,CAN,4063605,55.53,-102.35,-6,297.4,2005,2017
CWEEDS2011,JIMMY LAKE AWOS,SK,CAN,4063623,54.91,-109.96,-6,637.1,2001,2012
CWEEDS2011,KEY LAKE A,SK,CAN,4063757,57.25,-105.6,-6,513.9,1998,2017
CWEEDS2011,KINDERSLEY A,SK,CAN,4043901,51.52,-109.18,-6,693.7,1998,2017
CWEEDS2011,LA RONGE A,SK,CAN,4064155,55.15,-105.27,-6,379.2,1998,2017
CWEEDS2011,LAST MOUNTAIN CS,SK,CAN,4014156,51.42,-105.25,-6,497,1998,2017
CWEEDS2011,LEADER AIRPORT,SK,CAN,402DAF0,50.91,-109.5,-6,675.5,1998,2017
CWEEDS2011,LUCKY LAKE,SK,CAN,4024714,50.95,-107.15,-6,664.7,1998,2017
CWEEDS2011,MAPLE CREEK,SK,CAN,4024919,49.9,-109.47,-6,766.7,1998,2017
CWEEDS2011,MEADOW LAKE,SK,CAN,406N0NM,54.13,-108.52,-6,481,2003,2017
CWEEDS2011,MELFORT,SK,CAN,4055079,52.82,-104.6,-6,490,1998,2017
CWEEDS2011,MOOSE JAW CS,SK,CAN,4015322,50.33,-105.54,-6,577,1998,2017
CWEEDS2011,NIPAWIN,SK,CAN,407N51G,53.33,-104,-6,371.9,1998,2017
CWEEDS2011,NORTH BATTLEFORD,SK,CAN,4045695,52.77,-108.24,-6,548.3,1998,2017
CWEEDS2011,OUTLOOK PFRA,SK,CAN,4055736,51.48,-107.05,-6,541,1998,2017
CWEEDS2011,PRINCE ALBERT A,SK,CAN,4056241,53.21,-105.67,-6,428.2,1998,2017
CWEEDS2011,REGINA INTL A,SK,CAN,4016566,50.43,-104.67,-6,577.6,1998,2017
CWEEDS2011,ROCKGLEN (AUT),SK,CAN,4036844,49.17,-105.98,-6,917,1998,2017
CWEEDS2011,ROSETOWN EAST,SK,CAN,4046884,51.57,-107.92,-6,586,1998,2017
CWEEDS2011,SASKATOON INTL A,SK,CAN,4057152,52.17,-106.7,-6,504.1,1998,2017
CWEEDS2011,SCOTT CDA,SK,CAN,4047240,52.36,-108.83,-6,659.6,1998,2017
CWEEDS2011,SOUTHEND,SK,CAN,4067655,56.33,-103.28,-6,344.1,1998,2017
CWEEDS2011,SPIRITWOOD WEST,SK,CAN,4067723,53.37,-107.55,-6,584.3,1998,2017
CWEEDS2011,STONY RAPIDS,SK,CAN,4067799,59.25,-105.84,-6,244.2,2005,2017
CWEEDS2011,SWIFT CURRENT CDA,SK,CAN,4028060,50.27,-107.73,-6,825,1998,2017
CWEEDS2011,SWIFT CURRENT,SK,CAN,4028038,50.29,-107.69,-6,816.9,1998,2017
CWEEDS2011,URANIUM CITY (AUT),SK,CAN,406QLD0,59.57,-108.48,-6,318.2,2005,2017
CWEEDS2011,VAL MARIE SOUTHEAST,SK,CAN,4038412,49.06,-107.59,-6,796,1998,2017
CWEEDS2011,WASKESIU LAKE,SK,CAN,4068559,53.92,-106.07,-6,569.4,1998,2017
CWEEDS2011,WATROUS EAST,SK,CAN,4018642,51.67,-105.4,-6,525.6,1998,2017
CWEEDS2011,WEYBURN,SK,CAN,401HP5R,49.7,-103.8,-6,588.6,1998,2017
CWEEDS2011,WYNYARD (AUT),SK,CAN,40190LN,51.77,-104.2,-6,560.1,1998,2017
CWEEDS2011,YORKTON,SK,CAN,4019075,51.26,-102.46,-6,498.3,1998,2017
CWEEDS2011,BURWASH A,YT,CAN,2100181,61.37,-139.04,-8,805.3,2005,2017
CWEEDS2011,CARMACKS CS,YT,CAN,2100301,62.12,-136.19,-8,542.9,2005,2017
CWEEDS2011,DAWSON,YT,CAN,2100LRP,64.06,-139.13,-8,370,2005,2017
CWEEDS2011,FARO (AUT),YT,CAN,2100518,62.21,-133.38,-8,716.6,2005,2017
CWEEDS2011,HAINES JUNCTION,YT,CAN,2100630,60.77,-137.58,-8,595.3,2005,2017
CWEEDS2011,HERSCHEL ISLAND,YT,CAN,2100636,69.57,-138.91,-8,1.2,2005,2017
CWEEDS2011,IVVAVIK NAT. PARK,YT,CAN,2100660,69.16,-140.15,-8,243.8,2005,2017
CWEEDS2011,MACMILLAN PASS,YT,CAN,2100693,63.24,-130.04,-8,1379,2005,2017
CWEEDS2011,MAYO A,YT,CAN,2100701,63.62,-135.87,-8,503.8,2005,2017
CWEEDS2011,OLD CROW RCS,YT,CAN,2100805,67.57,-139.84,-8,251.2,2005,2017
CWEEDS2011,ROCK RIVER,YT,CAN,2100935,66.98,-136.22,-8,731,2007,2017
CWEEDS2011,TESLIN (AUT),YT,CAN,2101102,60.17,-132.73,-8,705,2005,2017
CWEEDS2011,WATSON LAKE A,YT,CAN,2101201,60.12,-128.82,-8,687.3,2005,2017
CWEEDS2011,WHITEHORSE A,YT,CAN,2101303,60.71,-135.07,-8,706.2,2005,2017
